0,古代中国的政治家,3090704010000,古代中国的政治家,0
0,宋明理学,3090103030000,宋明理学,0
0,汉到元政治制度的演变,3090101030000,汉到元政治制度的演变,0
0,经典力学,3090405010000,牛顿与经典力学,0
0,现代信息技术,3090605020000,现代信息技术,0
0,资本主义世界市场的形成与发展,3090402040000,资本主义世界市场的形成与发展,0
0,农业的主要耕作方式和土地制度,3090102010000,古代中国的农业,0
0,杰出的科学家,3090704060000,杰出的科学家,0
0,雅尔塔体制下的冷战与和平,3090703040000,雅尔塔体制下的冷战与和平,0
0,民主政治制度的建立,3090501020000,民主政治制度的建立,0
0,启蒙运动,3090401020000,启蒙运动,0
0,欧洲的宗教改革,3090701080000,欧洲的宗教改革,0
0,近代社会的民主思想与实践,3090702000000,近代社会的民主思想与实践,0
0,第二次世界大战后美国等资本主义国家的新变化,3090602030000,第二次世界大战后美国等资本主义国家的新变化,0
0,影视艺术的产生与发展,3090606040000,影视艺术的产生与发展,0
0,马克思主义在中国的传播与发展,3090303030000,马克思主义在中国的传播,0
0,互联网时代,3090504030000,大众传媒的发展和互联网的普及,0
0,“三个代表”重要思想,3090505040000,“三个代表”重要思想,0
0,古代埃及文明的历史遗产,3090705020000,古代埃及文明的历史遗产,0
0,欧洲文艺复兴时期的文化遗产,3090705040000,欧洲文艺复兴时期的文化遗产,0
0,秦中央集权制度的形成,3090101020000,秦的统一与中央集权制度,0
0,改良蒸汽机,3090405030000,蒸汽机的发明和电气技术的应用,0
0,社会主义市场经济体制的建立,3090502050000,社会主义市场经济体制的建立,0
0,19世纪的世界文学艺术,3090405040000,19世纪的世界文学艺术,0
0,梭伦改革,3090701070000,梭伦改革,0
0,德意志帝国君主立宪制的确立,3090403030000,法国共和制、德意志帝国君主立宪制的确立,0
0,世界经济区域集团化,3090604020000,世界经济区域集团化,0
0,改革开放以来我国重要的外交活动,3090503040000,改革开放以来我国在联合国和地区性国际组织中的重要外交活动,0
0,烽火连绵的局部战争,3090703050000,烽火连绵的局部战争,0
0,中国现代社会生活的变迁,3090504000000,中国现代社会生活的变迁,0
0,十一届三中全会,3090502020000,十一届三中全会关于改革开放的决策,0
0,有代表性的美术作品,3090606020000,有代表性的美术作品,0
0,对外开放格局的初步形成,3090502040000,对外开放格局的初步形成,0
0,相对论和量子论,3090605010000,相对论和量子论,0
0,戊戌变法,3090701060000,戊戌变法,0
0,“斯大林”模式,3090601030000,“斯大林”模式,0
0,20世纪70年代中国外交的重要成就,3090503020000,中国恢复在联合国的合法席位,0
0,两极格局瓦解和多极化趋势的加强,3090603030000,两极格局瓦解和多极化趋势的加强,0
0,文学的主要成就,3090606010000,文学的主要成就,0
0,生物进化论,3090405020000,进化论,0
0,北魏孝文帝改革,3090701020000,北魏孝文帝改革,0
0,商周时期的政治制度,3090101010000,商周时期的政治制度,0
0,美国共和制的确立,3090403020000,美国独立战争与美国共和制的确立,0
0,凡尔赛-华盛顿体系下的和平,3090703020000,凡尔赛-华盛顿体系下的和平,0
0,东西方的先哲,3090704020000,东西方的先哲,0
0,第一次世界大战,3090703010000,第一次世界大战,0
0,古代中国的科学技术与文学艺术,3090104000000,古代中国的科学技术与文学艺术,0
0,手工业的发展,3090102020000,古代中国的手工业,0
0,改革开放以来民主与法制的建设,3090501040000,改革开放以来民主与法制的建设,0
0,商业的发展,3090102030000,古代中国的商业,0
0,明治维新,3090701050000,明治维新,0
0,资本主义在中国近代历史发展进程中的地位和作用,3090302030000,资本主义在中国近代历史发展进程中的地位和作用,0
0,西方人文精神的起源,3090201020000,西方人文精神的起源,0
0,近代中国反侵略,3090301000000,近代中国的民主革命,0
0,美苏两极对峙格局的形成,3090603010000,美苏两极对峙格局的形成,0
0,孙中山的三民主义,3090505010000,孙中山的三民主义,0
0,中华人民共和国的成立,3090501010000,中华人民共和国的成立,0
0,“百花齐放,3090506020000,“百花齐放、百家争鸣”的方针,0
0,新中国初期的对外关系,3090503010000,新中国建立初期的重大外交活动与和平共处五项原则,0
0,西欧列强的殖民扩张,3090402020000,荷兰、英国等国的殖民扩张,0
0,“亚洲觉醒”的先驱,3090704040000,“亚洲觉醒”的先驱,0
0,邓小平理论,3090505030000,邓小平理论,0
0,新航路的开辟,3090402010000,新航路的开辟,0
0,具有警示意义的世界遗产,3090705060000,具有警示意义的世界遗产,0
0,无产阶级革命家,3090704050000,无产阶级革命家,0
0,第二次世界大战,3090703030000,第二次世界大战,0
0,文艺复兴,3090401010000,文艺复兴和宗教改革,0
0,巴黎公社,3090404020000,巴黎公社,0
0,“一国两制”的理论与实践,3090501050000,“一国两制”的理论与实践,0
0,百家争鸣”的方针,3090506020000,“百花齐放、百家争鸣”的方针,0
0,俄国十月革命,3090601010000,俄国十月革命,0
0,毛泽东思想,3090505020000,毛泽东思想,0
0,《共产党宣言》,3090404010000,《共产党宣言》,0
0,两次工业革命,3090402030000,工业革命,0
0,罗斯福新政,3090602020000,罗斯福新政,0
0,明清之际的儒学思想,3090103040000,明清之际的儒学思想,0
0,教育事业的发展,3090506030000,教育事业的发展,0
0,科学技术发展,3090506010000,科学技术发展的主要成就,0
0,古代希腊,3090705030000,古代希腊、罗马的历史遗产,0
0,春秋战国时期的百家争鸣,3090103010000,春秋战国时期的百家争鸣,0
0,世界文化遗产的由来,3090705010000,世界文化遗产的由来,0
0,求民主的斗争,3090301000000,近代中国的民主革命,0
0,穆罕默德-阿里改革,3090701090000,穆罕默德-阿里改革,0
0,新文化运动,3090303020000,新文化运动,0
0,明清君主专制制度的加强,3090101040000,明清君主专制制度的加强,0
0,世界贸易组织和中国的加入,3090604030000,世界贸易组织和中国的加入,0
0,1922-1933年资本主义世界的经济危机,3090602010000,1922-1933年资本主义世界的经济危机,0
0,欧美资产阶级革命时代的杰出人物,3090704030000,欧美资产阶级革命时代的杰出人物,0
0,宗教改革,3090401010000,文艺复兴和宗教改革,0
0,“文化大革命”,3090501030000,“文化大革命”,0
0,20世纪50年代至70年代探索社会主义建设道路的实践,3090502010000,20世纪50年代至70年代探索社会主义建设道路的实践,0
0,马克思主义的诞生,3090404030000,马克思和恩格斯,0
0,从赫鲁晓夫改革到戈尔巴乔夫改革,3090601040000,从赫鲁晓夫改革到戈尔巴乔夫改革,0
0,罗马的历史遗产,3090705030000,古代希腊、罗马的历史遗产,0
0,维新思想,3090303010000,维新思想,0
0,汉代儒学成为正统思想,3090103020000,汉代儒学成为正统思想,0
0,商鞅变法,3090701010000,商鞅变法,0
0,1861年的俄国农奴制改革,3090701040000,俄国农奴制改革,0
0,和平与发展-当今世界的时代主题,3090703060000,和平与发展是当今世界的时代主题,0
0,多极化趋势在曲折中发展,3090603020000,多极化趋势在曲折中发展,0
0,罗马的政治制度,3090201010000,古代希腊、罗马的政治制度,0
0,战时共产主义政策和新经济政策,3090601020000,战时共产主义政策和新经济政策,0
0,中国的历史文化遗产代表,3090705050000,中国的历史文化遗产,0
0,近代中国经济结构的变动与资本主义的曲折发展,3090302000000,经济结构的变动与资本主义的曲折发展,0
0,王安石变法,3090701030000,王安石变法,0
0,经济体制改革,3090502030000,家庭联产承包责任制和国有企业改革,0
0,英国君主立宪制的确立,3090403010000,英国君主立宪制的确立,0
